{
  "oocana-log-panel": {
    "viewMode": "events",
    "sessionViewMode": "current"
  },
  "sharedBlockExplorerInit": false,
  "designer/flow/flow-1": {
    "viewport": {
      "x": 443.7429572012559,
      "y": -927.9833428046697,
      "zoom": 1.1730620654133403
    }
  },
  "designer/flow/subtitle": {
    "viewport": {
      "x": 196.2938469905856,
      "y": 271.87086862211686,
      "zoom": 0.2987619409703255
    }
  }
}