{
  "oocana-log-panel": {
    "viewMode": "events",
    "sessionViewMode": "current"
  },
  "sharedBlockExplorerInit": false,
  "designer/flow/flow-1": {
    "viewport": {
      "x": 176.1284826380305,
      "y": 65.66814314418923,
      "zoom": 0.662416754231032
    }
  },
  "designer/flow/subtitle": {
    "viewport": {
      "x": -243.2061530094144,
      "y": 268.37086862211686,
      "zoom": 0.2987619409703255
    }
  }
}